{
  "Ecut": [
    36.0, 36.5, 37.0, 37.5, 38.0, 38.5, 39.0, 39.5, 40.0, 40.5, 41.0, 41.5,
    42.0, 42.5, 43.0, 43.5, 44.0
  ],
  "Etot": [
    277.78700000169465, 210.6160000039381, 157.93300000410682,
    116.76199999754999, 84.91900000251462, 60.66400000293015,
    42.364999998767416, 28.84799999947063, 18.959999998457988,
    12.050999998791667, 7.310000000870787, 4.181999997854291, 2.215000002081524,
    1.0649999993006531, 0.43900000434859976, 0.14300000117373202, 0.0
  ]
}
