{
  "ngkpt": [12, 14, 16, 18, 20, 22, 24, 26, 28, 30],
  "tsmear": [
    15.811388299999999, 12.5594322, 9.97631157, 7.92446596, 6.294627060000001,
    5.0, 3.97164117, 3.1547867199999997, 2.50593617, 1.9905358499999999
  ],
  "delta": [
    [
      183.43775314910715, 49.98224685159869, 2.642753150539079,
      7.015753146433212, 5.235246847590247, 2.3317531496758193,
      0.21794564908361735, 0.21564685148689478, 0.6573506521334593,
      0.2237581515629472
    ],
    [
      244.0096249234358, 81.72837507736119, 18.540624923346627,
      2.254375074173254, 0.6973750767969022, 2.6473750747157965,
      2.1761868271852336, 2.2331825757504475, 0.9781291243626811,
      0.9211333757974671
    ],
    [
      299.63204572425184, 116.32295427688177, 38.27204572814935,
      16.651954275914704, 5.371045723734369, 10.20495427184187,
      4.871925327165627, 3.9548212740214694, 0.6720708753960025,
      0.24503317774815514
    ],
    [
      342.8557441775837, 142.5522558253789, 54.536744178435015,
      31.089255822180917, 9.207744176009669, 16.114255823040935,
      5.952937874198483, 3.960089225429897, 4.349875824871674, 2.357027176103088
    ],
    [
      377.55085897472895, 157.99714102726625, 63.00685897642211,
      40.801141029334076, 9.600858977165672, 19.31414102429585,
      5.649878975333422, 2.6005914257609675, 8.479743623723834, 5.43045607415138
    ],
    [
      408.6952015711631, 167.41979842294086, 61.64920157658571,
      44.37179842398109, 8.052201572184003, 20.10379842687371,
      4.804635374000554, 1.0006935227124814, 11.747769022463217,
      7.943827171175144
    ],
    [
      433.84771240084774, 174.18328759788437, 52.56871239822658,
      44.3712876005975, 6.017712401273911, 18.418287595522997,
      3.355295298490546, 0.29998189887692206, 13.811325899837357,
      10.156048702469889
    ],
    [
      447.4339933970839, 178.5430066014726, 41.479993402759874,
      42.69300660197928, 3.7399933994208823, 14.969006603138268,
      1.6180342008453863, 1.0965921966032965, 14.915078200061771,
      12.200451802613088
    ],
    [
      451.5684227008876, 180.66957730056288, 32.51242270252419,
      39.79257730080121, 1.794422697543041, 10.587577303766693,
      0.36013740256635174, 1.3165396985925781, 15.475355301219906,
      13.798678200060976
    ],
    [
      451.62106014906556, 181.82393984922385, 26.545060149985034,
      36.25193984824193, 0.7090601510384431, 5.969939850913875,
      0.07775655141983862, 1.048273650994247, 15.87454505092012,
      14.748514848506034
    ]
  ]
}
