{
  "ngkpt": [4, 6, 8, 10, 12, 14, 16, 18, 20, 22, 24, 26, 28, 30],
  "tsmear": [
    50.0, 39.7164117, 31.547867200000002, 25.0593617, 19.905358500000002,
    15.811388299999999, 12.5594322, 9.97631157, 7.92446596, 6.294627060000001,
    5.0, 3.97164117, 3.1547867199999997, 2.50593617, 1.9905358499999999,
    1.58113883
  ],
  "Etot": [
    [
      1386.7677918995014, 529.7017918977076, -85.88320810076766,
      -437.8182080984061, -586.5862081009254, -638.1292080988032,
      -673.8722081038873, -721.8672080995248, -788.5852080988798,
      -855.9722081002974, -879.1812080986006, -855.62120810323,
      -820.5742080988898, -790.1402081031961, -765.8342081029446,
      -746.5252081004792
    ],
    [
      929.1747918993565, 763.1387918962673, 699.2287919018736,
      695.6987919011226, 694.5437919014807, 682.1137918961995,
      644.7937918991897, 573.8017919014737, 489.6767919007061, 415.455791902275,
      365.1027918962768, 344.71579189698787, 341.4507919003995,
      346.0187919017699, 352.46679190237273, 358.03479190121834
    ],
    [
      726.0047919004364, 223.60179190172857, -163.6422081006117,
      -360.6232081025951, -405.44120810181994, -421.6482081034201,
      -478.16620809726373, -569.617208100226, -675.0602081027068,
      -770.7182081020392, -835.8282081033508, -867.9292080984169,
      -880.7872081035839, -886.8302081026513, -890.806208097672,
      -893.5962081011439
    ],
    [
      812.7067918977104, 503.0887919019733, 358.06779190039606,
      394.3657918981103, 549.2037918983783, 717.625791899934, 842.4947918967973,
      914.7297919014363, 945.0187919028963, 946.4957919007588,
      931.3117919020897, 911.694791902562, 894.5497919015111, 879.9457919010933,
      867.0327919020338, 855.9407919008777
    ],
    [
      789.3437919008761, 407.091791899461, 148.58979189824595, 32.2207919012385,
      -4.920208098724288, -45.30020810022961, -115.43620809817412,
      -199.22920809989364, -276.1152081021123, -339.5672081012435,
      -390.1012080973487, -425.8592081001211, -444.3342080975299,
      -450.48220810173234, -451.1952081003301, -450.4462080987537
    ],
    [
      793.5837918964239, 433.8687919016593, 210.5947919019968,
      135.51179189619234, 153.34679189749068, 188.11979190047623,
      210.30179190262288, 216.72579190123997, 209.29279190085026,
      195.98079190075168, 186.01379189675527, 182.171791898611,
      181.6427919010266, 181.75579189971813, 182.2497918979593,
      183.17979189674816
    ],
    [
      793.166791901001, 427.25479190153237, 194.86479190078398,
      115.82879189830919, 126.58979189694719, 135.49479189833846,
      110.03279190191506, 62.13079189620885, 12.203791897036353,
      -25.023208102936678, -43.0552081027713, -44.58020809749996,
      -38.38020810320586, -31.426208103368936, -26.11920810124957,
      -22.503208100488337
    ],
    [
      793.1067918960366, 428.7517919010497, 198.4407918982356,
      114.72879189966534, 117.03679189878358, 131.12179190244433,
      130.82779189943494, 117.0547919002729, 97.82979189765229,
      78.7847919028195, 62.9657918977955, 52.359791901324115, 45.79279190153329,
      40.87879189995647, 36.677791896977396, 33.221791902349196
    ],
    [
      793.1387918986843, 428.43479189969, 197.6617919012824, 117.88679189805862,
      128.69579190066815, 143.3727918964678, 129.2707919020586,
      95.03179190062383, 57.5327918994617, 28.38279189631976,
      10.541791901630404, 1.9707918994527063, -0.640208099866868,
      -0.7082080983877859, -0.28320810230297866, 0.15179190171465962
    ],
    [
      793.1437919026507, 428.49779190134996, 197.83579190146838,
      115.94679190096713, 121.601791896353, 135.80579189920172,
      131.22079189997748, 110.60779189620007, 82.8547918985123,
      57.29779189778128, 38.69779190068812, 26.406791896249615,
      18.068791902692283, 11.673791902921948, 6.395791899649339,
      2.3987918993384483
    ],
    [
      793.1256318016722, 428.484015998265, 197.79055919855182,
      116.82428329606864, 124.8740780965818, 138.35549069796116,
      126.39722999807645, 95.53091229719257, 60.787598201272885,
      32.33377189815201, 13.789358099813853, 4.633209002236072,
      1.481751098708628, 0.7260771965889035, 0.34809549731562583,
      -0.23910219937306465
    ],
    [
      793.1454296965512, 428.4835614996041, 197.79973809619378,
      116.48092070259963, 123.6459521010147, 138.35319190036444,
      130.80659940101214, 104.35765889837967, 70.70062530090127,
      40.5842422992464, 19.59468699652689, 7.688522401849696,
      2.0031931029507177, -0.23032509943732293, -0.6224216022587825, 0.0
    ],
    [
      793.1294345979722, 428.48090279790085, 197.79411589837537,
      116.59763490001751, 124.00065480022704, 137.48019439674408,
      127.59528770089901, 101.0749084997542, 71.09041190034304,
      46.463394497209265, 30.341762496277624, 21.799830200563974,
      18.014863499615785, 16.56156990037516, 16.300397099655584,
      16.595592597923314
    ],
    [
      793.1502300024817, 428.4889054986252, 197.80246940115376,
      116.56662960035646, 123.94580060259841, 138.3613032004405,
      129.49455020105916, 100.64787080210635, 64.38350889936828,
      32.55319479933405, 10.650166302639263, -2.167544401743271,
      -9.100666503059074, -12.712463600905721, -14.322662799770569,
      -14.811717399254576
    ]
  ]
}
